timestamp,packet_size,protocol,inter_arrival,anomaly
2026-02-21 22:05:35.065040,1208,6,0.423,1
2026-02-21 22:05:36.065040,984,1,0.303,0
2026-02-21 22:05:37.065040,1025,17,0.339,0
2026-02-21 22:05:38.065040,1085,17,0.385,0
2026-02-21 22:05:39.065040,693,17,0.018,0
2026-02-21 22:05:40.065040,769,17,0.267,0
2026-02-21 22:05:41.065040,711,6,0.145,0
2026-02-21 22:05:42.065040,1273,6,0.47,1
2026-02-21 22:05:43.065040,388,6,0.27,0
2026-02-21 22:05:44.065040,572,17,0.249,1
2026-02-21 22:05:45.065040,142,1,0.821,0
2026-02-21 22:05:46.065040,967,17,0.714,1
2026-02-21 22:05:47.065040,1348,6,0.521,1
2026-02-21 22:05:48.065040,1385,1,0.139,1
2026-02-21 22:05:49.065040,1237,17,0.527,1
2026-02-21 22:05:50.065040,1038,6,0.097,1
2026-02-21 22:05:51.065040,1290,17,0.797,0
2026-02-21 22:05:52.065040,169,17,0.586,0
2026-02-21 22:05:53.065040,974,17,0.807,1
2026-02-21 22:05:54.065040,619,17,0.415,1
2026-02-21 22:05:55.065040,292,6,0.416,0
2026-02-21 22:05:56.065040,1353,17,0.881,0
2026-02-21 22:05:57.065040,606,17,0.824,1
2026-02-21 22:05:58.065040,1008,6,0.183,0
2026-02-21 22:05:59.065040,866,17,0.167,1
2026-02-21 22:06:00.065040,447,1,0.496,1
2026-02-21 22:06:01.065040,1371,6,0.749,1
2026-02-21 22:06:02.065040,1123,17,0.792,1
2026-02-21 22:06:03.065040,1417,6,0.55,1
2026-02-21 22:06:04.065040,1314,1,0.393,1
2026-02-21 22:06:05.065040,141,1,0.971,0
2026-02-21 22:06:06.065040,822,17,0.202,1
2026-02-21 22:06:07.065040,962,17,0.527,0
2026-02-21 22:06:08.065040,1273,6,0.922,1
2026-02-21 22:06:09.065040,1002,17,0.563,0
2026-02-21 22:06:10.065040,1234,1,0.238,0
2026-02-21 22:06:11.065040,1253,17,0.109,1
2026-02-21 22:06:12.065040,1171,1,0.527,1
2026-02-21 22:06:13.065040,1004,6,0.622,1
2026-02-21 22:06:14.065040,1300,17,0.348,1
2026-02-21 22:06:15.065040,761,1,0.515,1
2026-02-21 22:06:16.065040,202,17,0.324,1
2026-02-21 22:06:17.065040,816,6,0.991,0
2026-02-21 22:06:18.065040,96,1,0.597,1
2026-02-21 22:06:19.065040,710,1,0.185,1
2026-02-21 22:06:20.065040,85,17,0.644,0
2026-02-21 22:06:21.065040,1359,17,0.301,0
2026-02-21 22:06:22.065040,731,17,0.152,0
2026-02-21 22:06:23.065040,945,6,0.886,0
2026-02-21 22:06:24.065040,1466,1,0.323,1
2026-02-21 22:06:25.065040,1023,6,0.549,0
2026-02-21 22:06:26.065040,369,17,0.021,1
2026-02-21 22:06:27.065040,164,1,0.407,0
2026-02-21 22:06:28.065040,615,1,0.251,1
2026-02-21 22:06:29.065040,509,6,0.557,1
2026-02-21 22:06:30.065040,788,1,0.08,1
2026-02-21 22:06:31.065040,352,17,0.694,0
2026-02-21 22:06:32.065040,1353,1,0.531,1
2026-02-21 22:06:33.065040,237,6,0.772,1
2026-02-21 22:06:34.065040,745,17,0.768,0
2026-02-21 22:06:35.065040,85,17,0.226,0
2026-02-21 22:06:36.065040,527,6,0.881,1
2026-02-21 22:06:37.065040,444,17,0.598,0
2026-02-21 22:06:38.065040,393,1,0.71,1
2026-02-21 22:06:39.065040,1013,1,0.046,0
2026-02-21 22:06:40.065040,414,1,0.414,1
2026-02-21 22:06:41.065040,553,1,0.496,0
2026-02-21 22:06:42.065040,1032,1,0.397,0
2026-02-21 22:06:43.065040,1145,6,0.515,0
2026-02-21 22:06:44.065040,1247,1,0.63,1
2026-02-21 22:06:45.065040,1375,1,0.762,1
2026-02-21 22:06:46.065040,1169,6,0.945,1
2026-02-21 22:06:47.065040,190,6,0.368,0
2026-02-21 22:06:48.065040,1335,6,0.198,0
2026-02-21 22:06:49.065040,345,17,0.653,0
2026-02-21 22:06:50.065040,1143,17,0.124,0
2026-02-21 22:06:51.065040,1170,17,0.608,0
2026-02-21 22:06:52.065040,542,6,0.64,0
2026-02-21 22:06:53.065040,1426,1,0.913,1
2026-02-21 22:06:54.065040,1465,17,0.769,0
2026-02-21 22:06:55.065040,375,6,0.101,0
2026-02-21 22:06:56.065040,1375,17,0.741,0
2026-02-21 22:06:57.065040,222,1,0.096,0
2026-02-21 22:06:58.065040,1213,17,0.332,0
2026-02-21 22:06:59.065040,800,6,0.28,1
2026-02-21 22:07:00.065040,108,6,0.775,1
2026-02-21 22:07:01.065040,106,17,0.919,1
2026-02-21 22:07:02.065040,804,6,0.33,1
2026-02-21 22:07:03.065040,861,6,0.158,1
2026-02-21 22:07:04.065040,1227,17,0.776,0
2026-02-21 22:07:05.065040,1099,17,0.91,1
2026-02-21 22:07:06.065040,1305,1,0.149,0
2026-02-21 22:07:07.065040,1225,6,0.466,0
2026-02-21 22:07:08.065040,740,6,0.693,1
2026-02-21 22:07:09.065040,729,6,0.483,0
2026-02-21 22:07:10.065040,315,17,0.056,1
2026-02-21 22:07:11.065040,438,6,0.333,1
2026-02-21 22:07:12.065040,1115,1,0.461,0
2026-02-21 22:07:13.065040,389,17,0.419,1
2026-02-21 22:07:14.065040,1025,6,0.798,1
2026-02-21 22:07:15.065040,970,17,0.745,1
2026-02-21 22:07:16.065040,1035,6,0.185,1
2026-02-21 22:07:17.065040,1190,1,0.398,0
2026-02-21 22:07:18.065040,322,1,0.745,0
2026-02-21 22:07:19.065040,262,17,0.41,0
2026-02-21 22:07:20.065040,696,6,0.073,0
2026-02-21 22:07:21.065040,804,1,0.355,1
2026-02-21 22:07:22.065040,234,6,0.804,1
2026-02-21 22:07:23.065040,682,17,0.893,1
2026-02-21 22:07:24.065040,421,6,0.24,0
2026-02-21 22:07:25.065040,108,6,0.133,0
2026-02-21 22:07:26.065040,667,6,0.909,1
2026-02-21 22:07:27.065040,301,1,0.02,1
2026-02-21 22:07:28.065040,588,1,0.28,0
2026-02-21 22:07:29.065040,252,1,0.862,1
2026-02-21 22:07:30.065040,704,6,0.579,1
2026-02-21 22:07:31.065040,466,6,0.846,1
2026-02-21 22:07:32.065040,1445,1,0.304,0
2026-02-21 22:07:33.065040,328,6,0.865,1
2026-02-21 22:07:34.065040,256,6,0.064,1
2026-02-21 22:07:35.065040,655,17,0.549,1
2026-02-21 22:07:36.065040,931,17,0.444,1
2026-02-21 22:07:37.065040,982,6,0.117,1
2026-02-21 22:07:38.065040,896,1,0.182,1
2026-02-21 22:07:39.065040,1378,1,0.664,0
2026-02-21 22:07:40.065040,143,6,0.104,1
2026-02-21 22:07:41.065040,1211,1,0.888,1
2026-02-21 22:07:42.065040,122,6,0.024,1
2026-02-21 22:07:43.065040,310,1,0.089,0
2026-02-21 22:07:44.065040,401,17,0.77,1
2026-02-21 22:07:45.065040,789,17,0.919,0
2026-02-21 22:07:46.065040,832,1,0.565,1
2026-02-21 22:07:47.065040,512,17,0.078,1
2026-02-21 22:07:48.065040,1329,17,0.379,1
2026-02-21 22:07:49.065040,693,1,0.396,1
2026-02-21 22:07:50.065040,476,17,0.118,1
2026-02-21 22:07:51.065040,1317,1,0.295,1
2026-02-21 22:07:52.065040,330,17,0.525,0
2026-02-21 22:07:53.065040,570,17,0.73,0
2026-02-21 22:07:54.065040,413,6,0.614,1
2026-02-21 22:07:55.065040,1156,6,0.68,1
2026-02-21 22:07:56.065040,473,17,0.062,0
2026-02-21 22:07:57.065040,866,6,0.942,0
2026-02-21 22:07:58.065040,148,17,0.327,0
2026-02-21 22:07:59.065040,649,6,0.11,1
2026-02-21 22:08:00.065040,522,1,0.402,1
2026-02-21 22:08:01.065040,205,6,0.646,1
2026-02-21 22:08:02.065040,1120,6,0.402,1
2026-02-21 22:08:03.065040,803,17,0.326,1
2026-02-21 22:08:04.065040,107,6,0.865,1
2026-02-21 22:08:05.065040,494,6,0.121,0
2026-02-21 22:08:06.065040,147,1,0.184,1
2026-02-21 22:08:07.065040,1473,6,0.41,0
2026-02-21 22:08:08.065040,170,1,0.638,0
2026-02-21 22:08:09.065040,646,6,0.744,1
2026-02-21 22:08:10.065040,526,1,0.375,0
2026-02-21 22:08:11.065040,723,1,0.234,0
2026-02-21 22:08:12.065040,1018,1,0.587,0
2026-02-21 22:08:13.065040,799,6,0.604,1
2026-02-21 22:08:14.065040,1239,1,0.052,1
2026-02-21 22:08:15.065040,535,1,0.821,1
2026-02-21 22:08:16.065040,131,6,0.643,0
2026-02-21 22:08:17.065040,1350,6,0.332,0
2026-02-21 22:08:18.065040,790,1,0.463,1
2026-02-21 22:08:19.065040,1183,17,0.4,1
2026-02-21 22:08:20.065040,954,6,0.352,1
2026-02-21 22:08:21.065040,1143,6,0.484,1
2026-02-21 22:08:22.065040,664,6,0.902,1
2026-02-21 22:08:23.065040,688,17,0.346,1
2026-02-21 22:08:24.065040,1097,1,0.76,1
2026-02-21 22:08:25.065040,341,6,0.667,0
2026-02-21 22:08:26.065040,1337,17,0.001,1
2026-02-21 22:08:27.065040,360,6,0.745,1
2026-02-21 22:08:28.065040,275,17,0.049,1
2026-02-21 22:08:29.065040,234,17,0.142,1
2026-02-21 22:08:30.065040,101,17,0.239,0
2026-02-21 22:08:31.065040,1116,1,0.015,1
2026-02-21 22:08:32.065040,373,6,0.41,1
2026-02-21 22:08:33.065040,1006,6,0.345,0
2026-02-21 22:08:34.065040,528,17,0.992,0
2026-02-21 22:08:35.065040,1085,6,0.259,0
2026-02-21 22:08:36.065040,1049,6,0.351,1
2026-02-21 22:08:37.065040,1160,6,0.038,1
2026-02-21 22:08:38.065040,690,1,0.778,0
2026-02-21 22:08:39.065040,1115,17,0.947,1
2026-02-21 22:08:40.065040,306,1,0.974,1
2026-02-21 22:08:41.065040,1328,1,0.258,1
2026-02-21 22:08:42.065040,1353,17,0.157,0
2026-02-21 22:08:43.065040,644,17,0.102,0
2026-02-21 22:08:44.065040,862,6,0.066,0
2026-02-21 22:08:45.065040,849,6,0.02,1
2026-02-21 22:08:46.065040,297,17,0.758,1
2026-02-21 22:08:47.065040,1254,6,0.622,0
2026-02-21 22:08:48.065040,174,6,0.877,0
2026-02-21 22:08:49.065040,1425,1,0.208,1
2026-02-21 22:08:50.065040,1431,17,0.56,1
2026-02-21 22:08:51.065040,1037,1,0.783,0
2026-02-21 22:08:52.065040,1279,6,0.469,0
2026-02-21 22:08:53.065040,1205,17,0.059,0
2026-02-21 22:08:54.065040,260,1,0.885,0
2026-02-21 22:08:55.065040,850,1,0.129,0
2026-02-21 22:08:56.065040,454,6,0.19,1
2026-02-21 22:08:57.065040,1273,1,0.047,0
2026-02-21 22:08:58.065040,389,1,0.281,0
2026-02-21 22:08:59.065040,40,6,0.188,1
2026-02-21 22:09:00.065040,358,6,0.327,1
2026-02-21 22:09:01.065040,992,6,0.508,0
2026-02-21 22:09:02.065040,980,1,0.117,0
2026-02-21 22:09:03.065040,703,6,0.152,0
2026-02-21 22:09:04.065040,83,1,0.187,0
2026-02-21 22:09:05.065040,353,17,0.368,1
2026-02-21 22:09:06.065040,708,1,0.252,0
2026-02-21 22:09:07.065040,693,17,0.299,0
2026-02-21 22:09:08.065040,1285,17,0.188,1
2026-02-21 22:09:09.065040,364,6,0.751,1
2026-02-21 22:09:10.065040,733,6,0.447,0
2026-02-21 22:09:11.065040,1165,1,0.27,1
2026-02-21 22:09:12.065040,665,1,0.394,1
2026-02-21 22:09:13.065040,1315,17,0.477,0
2026-02-21 22:09:14.065040,514,17,0.558,1
2026-02-21 22:09:15.065040,125,1,0.845,0
2026-02-21 22:09:16.065040,353,17,0.076,1
2026-02-21 22:09:17.065040,91,6,0.271,1
2026-02-21 22:09:18.065040,1282,17,0.647,1
2026-02-21 22:09:19.065040,871,17,0.964,1
2026-02-21 22:09:20.065040,1303,17,0.288,1
2026-02-21 22:09:21.065040,1167,1,0.973,1
2026-02-21 22:09:22.065040,1150,1,0.087,0
2026-02-21 22:09:23.065040,1493,17,0.219,0
2026-02-21 22:09:24.065040,494,17,0.812,1
2026-02-21 22:09:25.065040,680,1,0.495,1
2026-02-21 22:09:26.065040,779,1,0.488,1
2026-02-21 22:09:27.065040,268,6,0.604,0
2026-02-21 22:09:28.065040,1239,1,0.657,0
2026-02-21 22:09:29.065040,439,6,0.538,0
2026-02-21 22:09:30.065040,1429,17,0.165,1
2026-02-21 22:09:31.065040,1422,17,0.761,0
2026-02-21 22:09:32.065040,847,1,0.154,0
2026-02-21 22:09:33.065040,858,6,0.787,0
2026-02-21 22:09:34.065040,509,17,0.286,1
2026-02-21 22:09:35.065040,1051,1,0.718,0
2026-02-21 22:09:36.065040,1101,17,0.771,0
2026-02-21 22:09:37.065040,201,1,0.712,0
2026-02-21 22:09:38.065040,1101,1,0.648,1
2026-02-21 22:09:39.065040,1367,1,0.019,0
2026-02-21 22:09:40.065040,1090,1,0.237,0
2026-02-21 22:09:41.065040,952,6,0.628,1
2026-02-21 22:09:42.065040,768,1,0.854,0
2026-02-21 22:09:43.065040,162,1,0.154,0
2026-02-21 22:09:44.065040,1420,6,0.731,1
2026-02-21 22:09:45.065040,646,1,0.91,1
2026-02-21 22:09:46.065040,889,17,0.463,1
2026-02-21 22:09:47.065040,1488,6,0.306,1
2026-02-21 22:09:48.065040,1241,6,0.209,0
2026-02-21 22:09:49.065040,1143,6,0.487,0
2026-02-21 22:09:50.065040,230,6,0.307,1
2026-02-21 22:09:51.065040,1294,6,0.127,0
2026-02-21 22:09:52.065040,443,1,0.254,1
2026-02-21 22:09:53.065040,622,6,0.167,0
2026-02-21 22:09:54.065040,945,17,0.112,0
2026-02-21 22:09:55.065040,1128,17,0.81,1
2026-02-21 22:09:56.065040,156,6,0.086,1
2026-02-21 22:09:57.065040,1226,17,0.763,0
2026-02-21 22:09:58.065040,1147,17,0.679,1
2026-02-21 22:09:59.065040,1298,6,0.978,0
2026-02-21 22:10:00.065040,897,17,0.394,0
2026-02-21 22:10:01.065040,124,1,0.002,1
2026-02-21 22:10:02.065040,1042,6,0.068,0
2026-02-21 22:10:03.065040,1295,17,0.599,0
2026-02-21 22:10:04.065040,102,17,0.49,1
2026-02-21 22:10:05.065040,521,1,0.451,0
2026-02-21 22:10:06.065040,429,6,0.054,0
2026-02-21 22:10:07.065040,969,1,0.528,0
2026-02-21 22:10:08.065040,1443,1,0.442,0
2026-02-21 22:10:09.065040,696,6,0.996,1
2026-02-21 22:10:10.065040,756,17,0.998,1
2026-02-21 22:10:11.065040,1431,1,0.936,1
2026-02-21 22:10:12.065040,1323,17,0.628,0
2026-02-21 22:10:13.065040,974,17,0.012,0
2026-02-21 22:10:14.065040,42,6,0.705,1
2026-02-21 22:10:15.065040,373,6,0.838,0
2026-02-21 22:10:16.065040,944,1,0.006,0
2026-02-21 22:10:17.065040,1405,17,0.805,0
2026-02-21 22:10:18.065040,655,6,0.212,1
2026-02-21 22:10:19.065040,535,1,0.974,1
2026-02-21 22:10:20.065040,1058,6,0.977,1
2026-02-21 22:10:21.065040,643,6,0.038,1
2026-02-21 22:10:22.065040,697,6,0.369,0
2026-02-21 22:10:23.065040,1222,6,0.756,0
2026-02-21 22:10:24.065040,409,1,0.022,1
2026-02-21 22:10:25.065040,739,17,0.317,1
2026-02-21 22:10:26.065040,782,6,0.031,1
2026-02-21 22:10:27.065040,1447,1,0.355,0
2026-02-21 22:10:28.065040,523,17,0.372,0
2026-02-21 22:10:29.065040,514,17,0.518,1
2026-02-21 22:10:30.065040,323,1,0.876,1
2026-02-21 22:10:31.065040,1295,17,0.622,1
2026-02-21 22:10:32.065040,950,6,0.675,0
2026-02-21 22:10:33.065040,438,6,0.634,1
2026-02-21 22:10:34.065040,982,1,0.105,0
2026-02-21 22:10:35.065040,644,1,0.803,0
2026-02-21 22:10:36.065040,473,17,0.896,1
2026-02-21 22:10:37.065040,74,1,0.911,0
2026-02-21 22:10:38.065040,480,6,0.414,1
2026-02-21 22:10:39.065040,1244,1,0.428,0
2026-02-21 22:10:40.065040,353,17,0.087,0
2026-02-21 22:10:41.065040,1305,17,0.278,0
2026-02-21 22:10:42.065040,153,1,0.761,1
2026-02-21 22:10:43.065040,1304,6,0.285,1
2026-02-21 22:10:44.065040,724,6,0.35,1
2026-02-21 22:10:45.065040,1490,1,0.399,0
2026-02-21 22:10:46.065040,1412,17,0.977,0
2026-02-21 22:10:47.065040,169,17,0.476,1
2026-02-21 22:10:48.065040,280,17,0.746,1
2026-02-21 22:10:49.065040,1422,1,0.74,0
2026-02-21 22:10:50.065040,996,6,0.884,0
2026-02-21 22:10:51.065040,251,17,0.422,0
2026-02-21 22:10:52.065040,1471,1,0.389,1
2026-02-21 22:10:53.065040,459,17,0.733,0
2026-02-21 22:10:54.065040,1401,1,0.132,1
2026-02-21 22:10:55.065040,91,1,0.804,0
2026-02-21 22:10:56.065040,1352,6,0.632,0
2026-02-21 22:10:57.065040,1446,1,0.822,1
2026-02-21 22:10:58.065040,64,17,0.866,0
2026-02-21 22:10:59.065040,969,6,0.175,1
2026-02-21 22:11:00.065040,873,17,0.425,1
2026-02-21 22:11:01.065040,620,6,0.467,1
2026-02-21 22:11:02.065040,993,6,0.878,1
2026-02-21 22:11:03.065040,889,1,0.086,1
2026-02-21 22:11:04.065040,383,1,0.159,0
2026-02-21 22:11:05.065040,558,17,0.272,1
2026-02-21 22:11:06.065040,547,17,0.11,1
2026-02-21 22:11:07.065040,1061,1,0.804,0
2026-02-21 22:11:08.065040,293,6,0.533,1
2026-02-21 22:11:09.065040,603,6,0.654,0
2026-02-21 22:11:10.065040,103,1,0.052,0
2026-02-21 22:11:11.065040,1063,1,0.981,1
2026-02-21 22:11:12.065040,286,17,0.64,0
2026-02-21 22:11:13.065040,1318,6,0.83,1
2026-02-21 22:11:14.065040,1256,17,0.668,0
2026-02-21 22:11:15.065040,504,6,0.048,1
2026-02-21 22:11:16.065040,1119,1,0.317,0
2026-02-21 22:11:17.065040,963,6,0.995,0
2026-02-21 22:11:18.065040,127,17,0.541,0
2026-02-21 22:11:19.065040,457,6,0.525,1
2026-02-21 22:11:20.065040,1201,17,0.892,1
2026-02-21 22:11:21.065040,807,17,0.003,0
2026-02-21 22:11:22.065040,798,6,0.447,1
2026-02-21 22:11:23.065040,297,6,0.615,1
2026-02-21 22:11:24.065040,1191,17,0.979,1
2026-02-21 22:11:25.065040,257,6,0.791,1
2026-02-21 22:11:26.065040,1490,6,0.589,0
2026-02-21 22:11:27.065040,1131,17,0.06,0
2026-02-21 22:11:28.065040,1046,1,0.952,0
2026-02-21 22:11:29.065040,836,6,0.326,1
2026-02-21 22:11:30.065040,1294,17,0.81,1
2026-02-21 22:11:31.065040,718,6,0.942,1
2026-02-21 22:11:32.065040,1048,1,0.451,0
2026-02-21 22:11:33.065040,881,17,0.891,0
2026-02-21 22:11:34.065040,922,17,0.92,0
2026-02-21 22:11:35.065040,43,6,0.101,1
2026-02-21 22:11:36.065040,84,1,0.762,0
2026-02-21 22:11:37.065040,868,17,0.733,1
2026-02-21 22:11:38.065040,873,17,0.562,0
2026-02-21 22:11:39.065040,1138,1,0.23,1
2026-02-21 22:11:40.065040,1009,6,0.26,0
2026-02-21 22:11:41.065040,1418,17,0.855,1
2026-02-21 22:11:42.065040,837,1,0.931,0
2026-02-21 22:11:43.065040,147,6,0.204,0
2026-02-21 22:11:44.065040,444,17,0.607,1
2026-02-21 22:11:45.065040,788,17,0.751,1
2026-02-21 22:11:46.065040,747,6,0.606,1
2026-02-21 22:11:47.065040,114,6,0.951,1
2026-02-21 22:11:48.065040,1081,1,0.242,1
2026-02-21 22:11:49.065040,53,17,0.762,0
2026-02-21 22:11:50.065040,455,6,0.081,1
2026-02-21 22:11:51.065040,973,17,0.414,1
2026-02-21 22:11:52.065040,91,1,0.076,1
2026-02-21 22:11:53.065040,1077,6,0.503,0
2026-02-21 22:11:54.065040,1102,1,0.938,0
2026-02-21 22:11:55.065040,143,6,0.579,0
2026-02-21 22:11:56.065040,1091,1,0.038,1
2026-02-21 22:11:57.065040,1340,1,0.907,0
2026-02-21 22:11:58.065040,96,1,0.805,1
2026-02-21 22:11:59.065040,168,17,0.622,0
2026-02-21 22:12:00.065040,305,6,0.14,0
2026-02-21 22:12:01.065040,1206,1,0.114,0
2026-02-21 22:12:02.065040,822,6,0.733,1
2026-02-21 22:12:03.065040,964,1,0.399,0
2026-02-21 22:12:04.065040,1035,17,0.936,1
2026-02-21 22:12:05.065040,1490,17,0.871,0
2026-02-21 22:12:06.065040,981,1,0.604,0
2026-02-21 22:12:07.065040,503,6,0.635,0
2026-02-21 22:12:08.065040,702,1,0.339,1
2026-02-21 22:12:09.065040,411,1,0.886,0
2026-02-21 22:12:10.065040,182,1,0.971,0
2026-02-21 22:12:11.065040,387,1,0.114,0
2026-02-21 22:12:12.065040,1054,1,0.426,0
2026-02-21 22:12:13.065040,57,17,0.614,1
2026-02-21 22:12:14.065040,543,1,0.304,1
2026-02-21 22:12:15.065040,1209,1,0.124,1
2026-02-21 22:12:16.065040,773,17,0.261,1
2026-02-21 22:12:17.065040,584,1,0.128,0
2026-02-21 22:12:18.065040,1231,1,0.322,1
2026-02-21 22:12:19.065040,1381,1,0.722,0
2026-02-21 22:12:20.065040,926,6,0.408,0
2026-02-21 22:12:21.065040,69,1,0.103,0
2026-02-21 22:12:22.065040,860,1,0.789,1
2026-02-21 22:12:23.065040,644,6,0.796,1
2026-02-21 22:12:24.065040,1136,17,0.279,1
2026-02-21 22:12:25.065040,624,6,0.194,0
2026-02-21 22:12:26.065040,150,1,0.032,1
2026-02-21 22:12:27.065040,465,17,0.786,1
2026-02-21 22:12:28.065040,1272,1,0.54,0
2026-02-21 22:12:29.065040,584,17,0.724,0
2026-02-21 22:12:30.065040,882,6,0.843,1
2026-02-21 22:12:31.065040,45,17,0.777,1
2026-02-21 22:12:32.065040,1123,6,0.956,0
2026-02-21 22:12:33.065040,185,6,0.869,0
2026-02-21 22:12:34.065040,312,17,0.132,1
2026-02-21 22:12:35.065040,345,17,0.748,0
2026-02-21 22:12:36.065040,771,17,0.503,0
2026-02-21 22:12:37.065040,1071,6,0.906,0
2026-02-21 22:12:38.065040,1158,17,0.732,0
2026-02-21 22:12:39.065040,77,17,0.556,1
2026-02-21 22:12:40.065040,622,1,0.737,1
2026-02-21 22:12:41.065040,651,6,0.933,0
2026-02-21 22:12:42.065040,1154,6,0.752,0
2026-02-21 22:12:43.065040,640,1,0.595,1
2026-02-21 22:12:44.065040,755,1,0.763,0
2026-02-21 22:12:45.065040,1041,1,0.468,0
2026-02-21 22:12:46.065040,1470,1,0.574,0
2026-02-21 22:12:47.065040,766,6,0.606,1
2026-02-21 22:12:48.065040,542,1,0.104,0
2026-02-21 22:12:49.065040,1025,17,0.511,1
2026-02-21 22:12:50.065040,1067,6,0.636,0
2026-02-21 22:12:51.065040,834,6,0.359,1
2026-02-21 22:12:52.065040,486,1,0.766,0
2026-02-21 22:12:53.065040,1170,1,0.485,0
2026-02-21 22:12:54.065040,72,1,0.474,0
2026-02-21 22:12:55.065040,493,17,0.003,0
2026-02-21 22:12:56.065040,755,1,0.896,0
2026-02-21 22:12:57.065040,498,6,0.526,1
2026-02-21 22:12:58.065040,347,17,0.487,1
2026-02-21 22:12:59.065040,602,1,0.387,0
2026-02-21 22:13:00.065040,578,17,0.019,1
2026-02-21 22:13:01.065040,1223,17,0.457,1
2026-02-21 22:13:02.065040,1191,6,0.687,1
2026-02-21 22:13:03.065040,185,1,0.889,1
2026-02-21 22:13:04.065040,184,6,0.166,0
2026-02-21 22:13:05.065040,123,1,0.137,1
2026-02-21 22:13:06.065040,720,6,0.533,0
2026-02-21 22:13:07.065040,1265,17,0.67,0
2026-02-21 22:13:08.065040,1369,17,0.568,1
2026-02-21 22:13:09.065040,1297,6,0.995,0
2026-02-21 22:13:10.065040,569,1,0.149,0
2026-02-21 22:13:11.065040,281,17,0.007,1
2026-02-21 22:13:12.065040,571,17,0.969,0
2026-02-21 22:13:13.065040,1307,1,0.167,1
2026-02-21 22:13:14.065040,612,6,0.996,0
2026-02-21 22:13:15.065040,989,1,0.935,1
2026-02-21 22:13:16.065040,914,6,0.615,1
2026-02-21 22:13:17.065040,1219,17,0.917,0
2026-02-21 22:13:18.065040,1337,17,0.589,0
2026-02-21 22:13:19.065040,595,17,0.989,0
2026-02-21 22:13:20.065040,756,1,0.719,0
2026-02-21 22:13:21.065040,334,17,0.365,0
2026-02-21 22:13:22.065040,836,1,0.382,1
2026-02-21 22:13:23.065040,1322,1,0.476,0
2026-02-21 22:13:24.065040,383,6,0.717,0
2026-02-21 22:13:25.065040,221,17,0.336,0
2026-02-21 22:13:26.065040,1149,1,0.531,0
2026-02-21 22:13:27.065040,670,6,0.782,0
2026-02-21 22:13:28.065040,1389,17,0.315,1
2026-02-21 22:13:29.065040,1068,17,0.979,0
2026-02-21 22:13:30.065040,54,6,0.027,0
2026-02-21 22:13:31.065040,500,17,0.778,0
2026-02-21 22:13:32.065040,88,6,0.628,0
2026-02-21 22:13:33.065040,330,1,0.837,0
2026-02-21 22:13:34.065040,607,1,0.375,1
2026-02-21 22:13:35.065040,1160,17,0.135,0
2026-02-21 22:13:36.065040,834,17,0.318,0
2026-02-21 22:13:37.065040,319,17,0.509,0
2026-02-21 22:13:38.065040,431,17,0.055,1
2026-02-21 22:13:39.065040,895,6,0.82,1
2026-02-21 22:13:40.065040,1445,1,0.454,1
2026-02-21 22:13:41.065040,1077,1,0.584,1
2026-02-21 22:13:42.065040,201,17,0.525,1
2026-02-21 22:13:43.065040,514,6,0.929,1
2026-02-21 22:13:44.065040,141,17,0.486,1
2026-02-21 22:13:45.065040,870,1,0.473,0
2026-02-21 22:13:46.065040,713,1,0.321,1
2026-02-21 22:13:47.065040,929,6,0.624,1
2026-02-21 22:13:48.065040,1239,17,0.598,1
2026-02-21 22:13:49.065040,1048,6,0.192,0
2026-02-21 22:13:50.065040,1152,6,0.653,1
2026-02-21 22:13:51.065040,1181,6,0.79,0
2026-02-21 22:13:52.065040,441,6,0.537,0
2026-02-21 22:13:53.065040,1137,6,0.679,0
2026-02-21 22:13:54.065040,767,1,0.756,1
2026-02-21 22:13:55.065040,1343,17,0.426,0
2026-02-21 22:13:56.065040,1373,17,0.699,0
2026-02-21 22:13:57.065040,1291,17,0.839,1
2026-02-21 22:13:58.065040,836,1,0.36,1
2026-02-21 22:13:59.065040,1233,1,0.125,0
2026-02-21 22:14:00.065040,460,17,0.253,0
2026-02-21 22:14:01.065040,824,1,0.654,0
2026-02-21 22:14:02.065040,430,6,0.329,1
2026-02-21 22:14:03.065040,692,1,0.987,0
2026-02-21 22:14:04.065040,749,6,0.441,0
2026-02-21 22:14:05.065040,1041,17,0.256,1
2026-02-21 22:14:06.065040,922,17,0.779,1
2026-02-21 22:14:07.065040,862,17,0.642,1
2026-02-21 22:14:08.065040,333,1,0.891,0
2026-02-21 22:14:09.065040,783,1,0.029,0
2026-02-21 22:14:10.065040,876,6,0.825,0
2026-02-21 22:14:11.065040,925,1,0.305,0
2026-02-21 22:14:12.065040,386,1,0.2,1
2026-02-21 22:14:13.065040,241,17,0.912,1
2026-02-21 22:14:14.065040,920,17,0.83,0
2026-02-21 22:14:15.065040,592,6,0.96,1
2026-02-21 22:14:16.065040,883,1,0.59,0
2026-02-21 22:14:17.065040,716,6,0.49,1
2026-02-21 22:14:18.065040,289,17,0.757,0
2026-02-21 22:14:19.065040,105,17,0.873,0
2026-02-21 22:14:20.065040,1059,1,0.15,0
2026-02-21 22:14:21.065040,1445,6,0.979,1
2026-02-21 22:14:22.065040,869,6,0.295,0
2026-02-21 22:14:23.065040,1495,17,0.851,1
2026-02-21 22:14:24.065040,513,17,0.245,1
2026-02-21 22:14:25.065040,1151,6,0.556,0
2026-02-21 22:14:26.065040,375,1,0.198,0
2026-02-21 22:14:27.065040,1138,6,0.208,0
2026-02-21 22:14:28.065040,77,1,0.059,1
2026-02-21 22:14:29.065040,1351,6,0.942,1
2026-02-21 22:14:30.065040,273,6,0.208,1
2026-02-21 22:14:31.065040,1407,1,0.26,0
2026-02-21 22:14:32.065040,145,6,0.747,0
2026-02-21 22:14:33.065040,588,1,0.946,1
2026-02-21 22:14:34.065040,1085,17,0.415,0
2026-02-21 22:14:35.065040,575,17,0.063,0
2026-02-21 22:14:36.065040,1058,17,0.892,1
2026-02-21 22:14:37.065040,1308,1,0.089,0
2026-02-21 22:14:38.065040,1048,6,0.807,0
2026-02-21 22:14:39.065040,1150,17,0.636,0
2026-02-21 22:14:40.065040,87,17,0.439,0
2026-02-21 22:14:41.065040,1210,6,0.771,0
2026-02-21 22:14:42.065040,644,1,0.224,0
2026-02-21 22:14:43.065040,611,6,0.957,0
2026-02-21 22:14:44.065040,177,17,0.297,1
2026-02-21 22:14:45.065040,899,6,0.796,0
2026-02-21 22:14:46.065040,339,6,0.141,1
2026-02-21 22:14:47.065040,1141,6,0.81,0
2026-02-21 22:14:48.065040,348,6,0.434,0
2026-02-21 22:14:49.065040,454,1,0.483,1
2026-02-21 22:14:50.065040,878,6,0.935,0
2026-02-21 22:14:51.065040,1218,17,0.678,1
2026-02-21 22:14:52.065040,1233,17,0.097,0
2026-02-21 22:14:53.065040,1137,6,0.826,1
2026-02-21 22:14:54.065040,1069,1,0.426,1
2026-02-21 22:14:55.065040,737,17,0.832,0
2026-02-21 22:14:56.065040,964,1,0.2,1
2026-02-21 22:14:57.065040,583,6,0.942,1
2026-02-21 22:14:58.065040,60,1,0.938,1
2026-02-21 22:14:59.065040,153,1,0.354,1
2026-02-21 22:15:00.065040,146,17,0.123,0
2026-02-21 22:15:01.065040,1222,6,0.108,0
2026-02-21 22:15:02.065040,1444,17,0.887,0
2026-02-21 22:15:03.065040,54,17,0.147,1
2026-02-21 22:15:04.065040,1482,1,0.655,1
2026-02-21 22:15:05.065040,1308,1,0.366,1
2026-02-21 22:15:06.065040,749,1,0.899,0
2026-02-21 22:15:07.065040,1366,1,0.446,0
2026-02-21 22:15:08.065040,1232,1,0.028,0
2026-02-21 22:15:09.065040,1372,17,0.707,1
2026-02-21 22:15:10.065040,1275,6,0.085,0
2026-02-21 22:15:11.065040,1488,1,0.316,1
2026-02-21 22:15:12.065040,705,1,0.561,1
2026-02-21 22:15:13.065040,1207,1,0.589,1
2026-02-21 22:15:14.065040,294,17,0.74,0
2026-02-21 22:15:15.065040,790,6,0.76,1
2026-02-21 22:15:16.065040,1238,1,0.184,1
2026-02-21 22:15:17.065040,1078,1,0.283,0
2026-02-21 22:15:18.065040,1361,6,0.272,0
2026-02-21 22:15:19.065040,604,1,0.69,1
2026-02-21 22:15:20.065040,1136,6,0.629,1
2026-02-21 22:15:21.065040,298,1,0.395,0
2026-02-21 22:15:22.065040,724,1,0.959,1
2026-02-21 22:15:23.065040,93,6,0.255,1
2026-02-21 22:15:24.065040,205,17,0.504,1
2026-02-21 22:15:25.065040,1311,17,0.739,0
2026-02-21 22:15:26.065040,781,1,0.595,1
2026-02-21 22:15:27.065040,777,1,0.556,0
2026-02-21 22:15:28.065040,1273,17,0.739,1
2026-02-21 22:15:29.065040,735,1,0.018,1
2026-02-21 22:15:30.065040,405,17,0.695,1
2026-02-21 22:15:31.065040,1145,1,0.944,0
2026-02-21 22:15:32.065040,949,1,0.244,1
2026-02-21 22:15:33.065040,427,17,0.371,0
2026-02-21 22:15:34.065040,545,17,0.159,0
2026-02-21 22:15:35.065040,1370,6,0.15,0
2026-02-21 22:15:36.065040,542,17,0.684,1
2026-02-21 22:15:37.065040,1131,1,0.854,1
2026-02-21 22:15:38.065040,888,1,0.077,1
2026-02-21 22:15:39.065040,1250,6,0.082,1
2026-02-21 22:15:40.065040,112,1,0.29,0
2026-02-21 22:15:41.065040,209,6,0.868,1
2026-02-21 22:15:42.065040,108,17,0.999,1
2026-02-21 22:15:43.065040,1009,6,0.682,1
2026-02-21 22:15:44.065040,643,6,0.708,1
2026-02-21 22:15:45.065040,61,6,0.943,1
2026-02-21 22:15:46.065040,701,17,0.482,1
2026-02-21 22:15:47.065040,152,6,0.916,0
2026-02-21 22:15:48.065040,907,6,0.541,1
2026-02-21 22:15:49.065040,507,1,0.474,0
2026-02-21 22:15:50.065040,1248,17,0.682,1
2026-02-21 22:15:51.065040,1293,6,0.811,0
2026-02-21 22:15:52.065040,499,1,0.307,0
2026-02-21 22:15:53.065040,902,6,0.875,0
2026-02-21 22:15:54.065040,874,1,0.997,0
2026-02-21 22:15:55.065040,711,1,0.383,0
2026-02-21 22:15:56.065040,488,6,0.709,1
2026-02-21 22:15:57.065040,523,6,0.396,1
2026-02-21 22:15:58.065040,505,1,0.666,1
2026-02-21 22:15:59.065040,179,6,0.013,0
2026-02-21 22:16:00.065040,1042,17,0.213,1
2026-02-21 22:16:01.065040,999,17,0.911,1
2026-02-21 22:16:02.065040,1034,6,0.87,1
2026-02-21 22:16:03.065040,1092,1,0.041,1
2026-02-21 22:16:04.065040,489,6,0.727,1
2026-02-21 22:16:05.065040,225,6,0.505,0
2026-02-21 22:16:06.065040,658,1,0.041,0
2026-02-21 22:16:07.065040,778,1,0.552,1
2026-02-21 22:16:08.065040,558,6,0.568,0
2026-02-21 22:16:09.065040,908,17,0.422,1
2026-02-21 22:16:10.065040,1500,1,0.509,1
2026-02-21 22:16:11.065040,1495,1,0.437,0
2026-02-21 22:16:12.065040,301,1,0.314,1
2026-02-21 22:16:13.065040,301,6,0.598,0
2026-02-21 22:16:14.065040,1105,6,0.692,1
2026-02-21 22:16:15.065040,904,17,0.809,0
2026-02-21 22:16:16.065040,928,6,0.01,0
2026-02-21 22:16:17.065040,721,17,0.986,1
2026-02-21 22:16:18.065040,234,17,0.142,1
2026-02-21 22:16:19.065040,612,6,0.663,0
2026-02-21 22:16:20.065040,1148,6,0.611,0
2026-02-21 22:16:21.065040,1178,17,0.105,0
2026-02-21 22:16:22.065040,1221,17,0.523,0
2026-02-21 22:16:23.065040,1273,1,0.487,1
2026-02-21 22:16:24.065040,622,6,0.047,0
2026-02-21 22:16:25.065040,864,1,0.437,0
2026-02-21 22:16:26.065040,255,1,0.513,0
2026-02-21 22:16:27.065040,174,1,0.212,0
2026-02-21 22:16:28.065040,469,1,0.835,0
2026-02-21 22:16:29.065040,1163,1,0.544,0
2026-02-21 22:16:30.065040,526,17,0.192,0
2026-02-21 22:16:31.065040,266,6,0.28,0
2026-02-21 22:16:32.065040,829,6,0.988,1
2026-02-21 22:16:33.065040,352,1,0.015,0
2026-02-21 22:16:34.065040,528,1,0.342,0
2026-02-21 22:16:35.065040,118,17,0.836,1
2026-02-21 22:16:36.065040,1039,6,0.684,1
2026-02-21 22:16:37.065040,799,6,0.098,0
2026-02-21 22:16:38.065040,181,1,0.666,1
2026-02-21 22:16:39.065040,752,6,0.697,0
2026-02-21 22:16:40.065040,572,1,0.456,0
2026-02-21 22:16:41.065040,257,1,0.051,0
2026-02-21 22:16:42.065040,1421,6,0.524,1
2026-02-21 22:16:43.065040,329,6,0.794,1
2026-02-21 22:16:44.065040,554,6,0.589,0
2026-02-21 22:16:45.065040,1143,1,0.022,1
2026-02-21 22:16:46.065040,174,17,0.691,0
2026-02-21 22:16:47.065040,490,17,0.942,0
2026-02-21 22:16:48.065040,785,17,0.251,0
2026-02-21 22:16:49.065040,97,6,0.834,1
2026-02-21 22:16:50.065040,304,17,0.275,0
2026-02-21 22:16:51.065040,911,17,0.632,1
2026-02-21 22:16:52.065040,717,1,0.766,1
2026-02-21 22:16:53.065040,657,1,0.268,1
2026-02-21 22:16:54.065040,255,1,0.497,0
2026-02-21 22:16:55.065040,81,1,0.542,0
2026-02-21 22:16:56.065040,165,17,0.328,0
2026-02-21 22:16:57.065040,628,1,0.254,1
2026-02-21 22:16:58.065040,1392,17,0.508,0
2026-02-21 22:16:59.065040,356,6,0.668,0
2026-02-21 22:17:00.065040,929,1,0.851,1
2026-02-21 22:17:01.065040,1069,1,0.31,1
2026-02-21 22:17:02.065040,510,6,0.87,1
2026-02-21 22:17:03.065040,1130,17,0.048,0
2026-02-21 22:17:04.065040,1277,17,0.646,1
2026-02-21 22:17:05.065040,242,6,0.564,0
2026-02-21 22:17:06.065040,652,6,0.175,1
2026-02-21 22:17:07.065040,1094,17,0.792,1
2026-02-21 22:17:08.065040,1113,17,0.961,0
2026-02-21 22:17:09.065040,630,1,0.092,0
2026-02-21 22:17:10.065040,705,17,0.016,0
2026-02-21 22:17:11.065040,1279,6,0.317,1
2026-02-21 22:17:12.065040,161,17,0.043,0
2026-02-21 22:17:13.065040,85,1,0.226,1
2026-02-21 22:17:14.065040,796,1,0.011,1
2026-02-21 22:17:15.065040,209,17,0.638,1
2026-02-21 22:17:16.065040,1164,17,0.867,0
2026-02-21 22:17:17.065040,150,17,0.585,0
2026-02-21 22:17:18.065040,1463,1,0.98,1
2026-02-21 22:17:19.065040,945,6,0.411,1
2026-02-21 22:17:20.065040,1055,1,0.411,1
2026-02-21 22:17:21.065040,1499,1,0.463,0
2026-02-21 22:17:22.065040,734,17,0.159,0
2026-02-21 22:17:23.065040,1235,6,0.754,0
2026-02-21 22:17:24.065040,558,6,0.704,1
2026-02-21 22:17:25.065040,340,17,0.143,0
2026-02-21 22:17:26.065040,230,6,0.335,1
2026-02-21 22:17:27.065040,273,6,0.337,1
2026-02-21 22:17:28.065040,661,6,0.802,1
2026-02-21 22:17:29.065040,789,6,0.28,1
2026-02-21 22:17:30.065040,1381,17,0.084,0
2026-02-21 22:17:31.065040,696,1,0.491,1
2026-02-21 22:17:32.065040,964,6,0.738,1
2026-02-21 22:17:33.065040,1169,17,0.786,1
2026-02-21 22:17:34.065040,342,6,0.341,0
2026-02-21 22:17:35.065040,688,1,0.816,1
2026-02-21 22:17:36.065040,1421,6,0.257,1
2026-02-21 22:17:37.065040,574,1,0.516,0
2026-02-21 22:17:38.065040,1357,17,0.005,1
2026-02-21 22:17:39.065040,1225,6,0.523,0
2026-02-21 22:17:40.065040,370,17,0.791,1
2026-02-21 22:17:41.065040,518,17,0.304,0
2026-02-21 22:17:42.065040,1432,17,0.886,1
2026-02-21 22:17:43.065040,43,1,0.036,1
2026-02-21 22:17:44.065040,147,6,0.647,0
2026-02-21 22:17:45.065040,1315,1,0.485,0
2026-02-21 22:17:46.065040,700,17,0.519,0
2026-02-21 22:17:47.065040,1199,17,0.543,0
2026-02-21 22:17:48.065040,203,6,0.176,1
2026-02-21 22:17:49.065040,58,17,0.916,1
2026-02-21 22:17:50.065040,789,17,0.695,0
2026-02-21 22:17:51.065040,1400,17,0.466,0
2026-02-21 22:17:52.065040,275,6,0.064,1
2026-02-21 22:17:53.065040,85,1,0.139,1
2026-02-21 22:17:54.065040,597,6,0.088,0
2026-02-21 22:17:55.065040,503,6,0.308,1
2026-02-21 22:17:56.065040,884,17,0.773,1
2026-02-21 22:17:57.065040,1337,6,0.678,1
2026-02-21 22:17:58.065040,158,6,0.459,0
2026-02-21 22:17:59.065040,250,1,0.919,0
2026-02-21 22:18:00.065040,378,17,0.485,0
2026-02-21 22:18:01.065040,1151,1,0.25,1
2026-02-21 22:18:02.065040,705,6,0.643,1
2026-02-21 22:18:03.065040,732,17,0.96,0
2026-02-21 22:18:04.065040,844,17,0.252,0
2026-02-21 22:18:05.065040,1474,17,0.938,1
2026-02-21 22:18:06.065040,778,1,0.266,1
2026-02-21 22:18:07.065040,170,17,0.098,0
2026-02-21 22:18:08.065040,854,17,0.795,0
2026-02-21 22:18:09.065040,1171,17,0.841,1
2026-02-21 22:18:10.065040,854,1,0.306,0
2026-02-21 22:18:11.065040,346,6,0.25,1
2026-02-21 22:18:12.065040,341,17,0.012,0
2026-02-21 22:18:13.065040,952,1,0.109,1
2026-02-21 22:18:14.065040,406,1,0.952,0
2026-02-21 22:18:15.065040,251,17,0.61,1
2026-02-21 22:18:16.065040,472,17,0.459,0
2026-02-21 22:18:17.065040,1052,1,0.459,0
2026-02-21 22:18:18.065040,868,17,0.673,1
2026-02-21 22:18:19.065040,1205,17,0.298,1
2026-02-21 22:18:20.065040,907,1,0.389,0
2026-02-21 22:18:21.065040,438,6,0.458,1
2026-02-21 22:18:22.065040,60,6,0.431,0
2026-02-21 22:18:23.065040,429,6,0.83,0
2026-02-21 22:18:24.065040,1057,6,0.405,1
2026-02-21 22:18:25.065040,203,6,0.514,1
2026-02-21 22:18:26.065040,269,6,0.271,0
2026-02-21 22:18:27.065040,1001,1,0.073,0
2026-02-21 22:18:28.065040,469,1,0.749,0
2026-02-21 22:18:29.065040,1177,1,0.362,1
2026-02-21 22:18:30.065040,348,1,0.507,0
2026-02-21 22:18:31.065040,148,1,0.315,0
2026-02-21 22:18:32.065040,1007,1,1.0,0
2026-02-21 22:18:33.065040,499,17,0.154,1
2026-02-21 22:18:34.065040,607,6,0.09,0
2026-02-21 22:18:35.065040,572,1,0.313,1
2026-02-21 22:18:36.065040,59,1,0.076,1
2026-02-21 22:18:37.065040,552,6,0.397,0
2026-02-21 22:18:38.065040,1211,6,0.482,0
2026-02-21 22:18:39.065040,673,1,0.887,1
2026-02-21 22:18:40.065040,977,6,0.247,1
2026-02-21 22:18:41.065040,340,6,0.61,0
2026-02-21 22:18:42.065040,171,17,0.515,1
2026-02-21 22:18:43.065040,683,6,0.641,1
2026-02-21 22:18:44.065040,40,17,0.338,0
2026-02-21 22:18:45.065040,735,1,0.218,1
2026-02-21 22:18:46.065040,1408,6,0.21,0
2026-02-21 22:18:47.065040,524,17,0.473,0
2026-02-21 22:18:48.065040,1030,17,0.851,1
2026-02-21 22:18:49.065040,1075,1,0.532,0
2026-02-21 22:18:50.065040,333,6,0.43,1
2026-02-21 22:18:51.065040,489,17,0.36,0
2026-02-21 22:18:52.065040,858,6,0.15,1
2026-02-21 22:18:53.065040,1447,1,0.146,0
2026-02-21 22:18:54.065040,1087,6,0.747,1
2026-02-21 22:18:55.065040,139,17,0.1,0
2026-02-21 22:18:56.065040,456,17,0.056,0
2026-02-21 22:18:57.065040,229,17,0.085,1
2026-02-21 22:18:58.065040,376,6,0.384,1
2026-02-21 22:18:59.065040,75,17,0.414,0
2026-02-21 22:19:00.065040,633,1,0.291,0
2026-02-21 22:19:01.065040,771,17,0.956,1
2026-02-21 22:19:02.065040,1367,1,0.629,1
2026-02-21 22:19:03.065040,822,17,0.111,0
2026-02-21 22:19:04.065040,1175,6,0.412,0
2026-02-21 22:19:05.065040,263,17,0.127,0
2026-02-21 22:19:06.065040,903,6,0.911,0
2026-02-21 22:19:07.065040,134,1,0.543,1
2026-02-21 22:19:08.065040,136,6,0.722,0
2026-02-21 22:19:09.065040,770,6,0.772,1
2026-02-21 22:19:10.065040,1291,17,0.32,1
2026-02-21 22:19:11.065040,1206,6,0.4,1
2026-02-21 22:19:12.065040,1180,1,0.134,1
2026-02-21 22:19:13.065040,1293,1,0.269,1
2026-02-21 22:19:14.065040,504,1,0.39,1
2026-02-21 22:19:15.065040,731,1,0.091,1
2026-02-21 22:19:16.065040,499,1,0.118,1
2026-02-21 22:19:17.065040,1254,17,0.633,1
2026-02-21 22:19:18.065040,1459,1,0.038,1
2026-02-21 22:19:19.065040,1117,6,0.661,1
2026-02-21 22:19:20.065040,1500,1,0.416,1
2026-02-21 22:19:21.065040,374,1,0.377,0
2026-02-21 22:19:22.065040,1048,1,0.854,0
2026-02-21 22:19:23.065040,854,17,0.243,0
2026-02-21 22:19:24.065040,71,1,0.873,1
2026-02-21 22:19:25.065040,1129,6,0.675,1
2026-02-21 22:19:26.065040,665,6,0.546,1
2026-02-21 22:19:27.065040,1487,6,0.202,0
2026-02-21 22:19:28.065040,799,1,0.507,0
2026-02-21 22:19:29.065040,1207,17,0.338,1
2026-02-21 22:19:30.065040,293,17,0.059,0
2026-02-21 22:19:31.065040,1493,1,0.609,0
2026-02-21 22:19:32.065040,160,6,0.466,0
2026-02-21 22:19:33.065040,739,6,0.16,1
2026-02-21 22:19:34.065040,667,1,0.321,0
2026-02-21 22:19:35.065040,235,1,0.146,1
2026-02-21 22:19:36.065040,378,1,0.088,1
2026-02-21 22:19:37.065040,1139,1,0.2,0
2026-02-21 22:19:38.065040,1140,17,0.574,1
2026-02-21 22:19:39.065040,1024,6,0.946,1
2026-02-21 22:19:40.065040,1212,6,0.567,1
2026-02-21 22:19:41.065040,642,17,0.47,1
2026-02-21 22:19:42.065040,761,17,0.071,0
2026-02-21 22:19:43.065040,929,17,0.834,0
2026-02-21 22:19:44.065040,841,6,0.601,0
2026-02-21 22:19:45.065040,488,1,0.528,0
2026-02-21 22:19:46.065040,1483,6,0.697,1
2026-02-21 22:19:47.065040,587,1,0.71,0
2026-02-21 22:19:48.065040,450,6,0.292,1
2026-02-21 22:19:49.065040,279,17,0.247,0
2026-02-21 22:19:50.065040,511,1,0.869,1
2026-02-21 22:19:51.065040,569,6,0.782,1
2026-02-21 22:19:52.065040,1193,6,0.541,0
2026-02-21 22:19:53.065040,949,1,0.801,1
2026-02-21 22:19:54.065040,195,1,0.412,1
2026-02-21 22:19:55.065040,440,17,0.674,0
2026-02-21 22:19:56.065040,992,17,0.135,0
2026-02-21 22:19:57.065040,719,6,0.382,1
2026-02-21 22:19:58.065040,1467,17,0.753,0
2026-02-21 22:19:59.065040,990,17,0.247,0
2026-02-21 22:20:00.065040,331,17,0.639,1
2026-02-21 22:20:01.065040,865,17,0.523,0
2026-02-21 22:20:02.065040,1399,1,0.875,1
2026-02-21 22:20:03.065040,463,6,0.855,1
2026-02-21 22:20:04.065040,1406,6,0.4,1
2026-02-21 22:20:05.065040,1001,1,0.647,1
2026-02-21 22:20:06.065040,95,6,0.738,1
2026-02-21 22:20:07.065040,983,1,0.622,0
2026-02-21 22:20:08.065040,756,6,0.521,1
2026-02-21 22:20:09.065040,983,17,0.935,1
2026-02-21 22:20:10.065040,1125,17,0.046,1
2026-02-21 22:20:11.065040,1115,6,0.642,1
2026-02-21 22:20:12.065040,1375,17,0.482,1
2026-02-21 22:20:13.065040,936,6,0.151,1
2026-02-21 22:20:14.065040,1127,6,0.637,0
2026-02-21 22:20:15.065040,631,1,0.896,0
2026-02-21 22:20:16.065040,815,17,0.372,0
2026-02-21 22:20:17.065040,526,6,0.712,1
2026-02-21 22:20:18.065040,771,6,0.789,1
2026-02-21 22:20:19.065040,794,17,0.556,0
2026-02-21 22:20:20.065040,43,1,0.305,0
2026-02-21 22:20:21.065040,1192,17,0.634,0
2026-02-21 22:20:22.065040,1264,17,0.586,0
2026-02-21 22:20:23.065040,1148,1,0.359,0
2026-02-21 22:20:24.065040,1103,6,0.874,0
2026-02-21 22:20:25.065040,213,1,0.519,1
2026-02-21 22:20:26.065040,40,1,0.754,0
2026-02-21 22:20:27.065040,76,6,0.159,1
2026-02-21 22:20:28.065040,870,1,0.528,0
2026-02-21 22:20:29.065040,484,1,0.638,1
2026-02-21 22:20:30.065040,595,17,0.988,1
2026-02-21 22:20:31.065040,386,1,0.784,0
2026-02-21 22:20:32.065040,600,1,0.071,0
2026-02-21 22:20:33.065040,838,6,0.459,0
2026-02-21 22:20:34.065040,496,1,0.876,0
2026-02-21 22:20:35.065040,475,1,0.151,1
2026-02-21 22:20:36.065040,1274,1,0.548,1
2026-02-21 22:20:37.065040,1396,17,0.071,1
2026-02-21 22:20:38.065040,801,17,0.318,0
2026-02-21 22:20:39.065040,1190,1,0.124,0
2026-02-21 22:20:40.065040,1349,17,0.916,1
2026-02-21 22:20:41.065040,590,1,0.645,1
2026-02-21 22:20:42.065040,1162,6,0.725,1
2026-02-21 22:20:43.065040,118,6,0.299,1
2026-02-21 22:20:44.065040,1383,1,0.17,1
2026-02-21 22:20:45.065040,347,6,0.896,0
2026-02-21 22:20:46.065040,1389,6,0.137,1
2026-02-21 22:20:47.065040,1418,1,0.869,1
2026-02-21 22:20:48.065040,1364,1,0.607,0
2026-02-21 22:20:49.065040,1155,6,0.787,1
2026-02-21 22:20:50.065040,1198,17,0.955,1
2026-02-21 22:20:51.065040,503,6,0.506,0
2026-02-21 22:20:52.065040,413,6,0.236,1
2026-02-21 22:20:53.065040,384,1,0.187,1
2026-02-21 22:20:54.065040,1030,17,0.663,0
2026-02-21 22:20:55.065040,232,6,0.754,0
2026-02-21 22:20:56.065040,472,17,0.743,1
2026-02-21 22:20:57.065040,1421,17,0.564,0
2026-02-21 22:20:58.065040,1241,1,0.772,1
2026-02-21 22:20:59.065040,697,17,0.605,1
2026-02-21 22:21:00.065040,1474,6,0.275,0
2026-02-21 22:21:01.065040,1090,1,0.371,0
2026-02-21 22:21:02.065040,372,17,0.575,0
2026-02-21 22:21:03.065040,168,17,0.376,1
2026-02-21 22:21:04.065040,540,1,0.589,0
2026-02-21 22:21:05.065040,1195,6,0.967,0
2026-02-21 22:21:06.065040,1461,6,0.823,1
2026-02-21 22:21:07.065040,452,1,0.705,1
2026-02-21 22:21:08.065040,1108,17,0.818,1
2026-02-21 22:21:09.065040,1042,17,0.48,1
2026-02-21 22:21:10.065040,166,6,0.023,1
2026-02-21 22:21:11.065040,1137,6,0.66,0
2026-02-21 22:21:12.065040,1249,17,0.479,0
2026-02-21 22:21:13.065040,311,17,0.765,1
2026-02-21 22:21:14.065040,1149,6,0.607,1
2026-02-21 22:21:15.065040,595,17,0.73,0
2026-02-21 22:21:16.065040,1483,6,0.087,0
2026-02-21 22:21:17.065040,352,6,0.918,0
2026-02-21 22:21:18.065040,1011,6,0.535,1
2026-02-21 22:21:19.065040,411,17,0.018,1
2026-02-21 22:21:20.065040,1220,1,0.569,1
2026-02-21 22:21:21.065040,1468,6,0.241,1
2026-02-21 22:21:22.065040,91,1,0.532,0
2026-02-21 22:21:23.065040,486,17,0.857,1
2026-02-21 22:21:24.065040,1324,6,0.751,0
2026-02-21 22:21:25.065040,628,17,0.063,1
2026-02-21 22:21:26.065040,1354,1,0.575,1
2026-02-21 22:21:27.065040,1448,6,0.702,1
2026-02-21 22:21:28.065040,377,6,0.553,1
2026-02-21 22:21:29.065040,945,1,0.117,0
2026-02-21 22:21:30.065040,436,6,0.737,0
2026-02-21 22:21:31.065040,881,1,0.505,0
2026-02-21 22:21:32.065040,423,6,0.873,1
2026-02-21 22:21:33.065040,616,1,0.456,1
2026-02-21 22:21:34.065040,1073,1,0.151,0
2026-02-21 22:21:35.065040,166,6,0.96,1
2026-02-21 22:21:36.065040,77,17,0.759,1
2026-02-21 22:21:37.065040,598,1,0.614,0
2026-02-21 22:21:38.065040,280,6,0.736,0
2026-02-21 22:21:39.065040,711,17,0.727,0
2026-02-21 22:21:40.065040,82,6,0.839,1
2026-02-21 22:21:41.065040,733,17,0.891,1
2026-02-21 22:21:42.065040,1406,17,0.896,1
2026-02-21 22:21:43.065040,895,17,0.177,1
2026-02-21 22:21:44.065040,1321,6,0.421,1
2026-02-21 22:21:45.065040,946,6,0.654,1
2026-02-21 22:21:46.065040,870,6,0.847,1
2026-02-21 22:21:47.065040,509,6,0.169,1
2026-02-21 22:21:48.065040,505,17,0.137,1
2026-02-21 22:21:49.065040,675,1,0.943,1
2026-02-21 22:21:50.065040,1240,17,0.268,1
2026-02-21 22:21:51.065040,1043,17,0.891,1
2026-02-21 22:21:52.065040,1397,6,0.028,1
2026-02-21 22:21:53.065040,319,17,0.975,1
2026-02-21 22:21:54.065040,801,17,0.423,0
2026-02-21 22:21:55.065040,1221,1,0.458,0
2026-02-21 22:21:56.065040,997,6,0.629,1
2026-02-21 22:21:57.065040,597,6,0.848,1
2026-02-21 22:21:58.065040,506,1,0.088,1
2026-02-21 22:21:59.065040,1208,17,0.189,0
2026-02-21 22:22:00.065040,747,1,0.224,0
2026-02-21 22:22:01.065040,214,6,0.508,0
2026-02-21 22:22:02.065040,752,1,0.87,1
2026-02-21 22:22:03.065040,727,17,0.397,0
2026-02-21 22:22:04.065040,1442,6,0.113,0
2026-02-21 22:22:05.065040,1394,6,0.262,1
2026-02-21 22:22:06.065040,1083,1,0.418,1
2026-02-21 22:22:07.065040,502,17,0.866,1
2026-02-21 22:22:08.065040,1227,17,0.418,1
2026-02-21 22:22:09.065040,57,17,0.812,1
2026-02-21 22:22:10.065040,659,6,0.001,1
2026-02-21 22:22:11.065040,1080,6,0.325,1
2026-02-21 22:22:12.065040,1408,6,0.786,1
2026-02-21 22:22:13.065040,1007,17,0.308,0
2026-02-21 22:22:14.065040,292,6,0.906,1
